Title,Price,Date
Barcelona away Black Sports Jersey & Shorts 2024/25 -StadiumEX,969,2025-08-02
Barcelona away Black Sports Jersey & Shorts 2024/25 -StadiumEX,969,2025-08-02
Barcelona away Black Sports Jersey & Shorts 2024/25 -StadiumEX,969,2025-08-02
"
                  Barcelona away Black Sports Jersey & Shorts 2024/25 -StadiumEX
                 ","
                    969
                    
                     .
                    
",2025-08-02
"
                  Barcelona away Black Sports Jersey & Shorts 2024/25 -StadiumEX
                 ","
                    969
                    
                     .
                    
",2025-08-02
Barcelona away Black Sports Jersey & Shorts 2024/25 -StadiumEX,969,2025-08-02
Barcelona away Black Sports Jersey & Shorts 2024/25 -StadiumEX,969,2025-08-02
Barcelona away Black Sports Jersey & Shorts 2024/25 -StadiumEX,969,2025-08-02
Barcelona away Black Sports Jersey & Shorts 2024/25 -StadiumEX,969,2025-08-02
